pathogen_name,effector_name,host_protein_name,interaction_type
Salmonella enterica,SopE,Cdc42,GEF
Salmonella enterica,SopE,Rac1,GEF
Salmonella enterica,SipA,Actin,binds/stabilizes
Salmonella enterica,SopB/SigD,"PI(4,5)P2",dephosphorylates
Salmonella enterica,SifA,SKIP,binds
Salmonella enterica,PipB2,Kinesin-1,recruits
Salmonella enterica,SseJ,Cholesterol,acyltransferase
Salmonella enterica,SopD2,Rab7,inhibits
Listeria monocytogenes,LLO,Cholesterol,pore-forming
Listeria monocytogenes,ActA,Arp2/3,activates
Listeria monocytogenes,InlA,E-cadherin,binds
Listeria monocytogenes,InlB,Met receptor,activates
Listeria monocytogenes,PlcA,"PI(4,5)P2",hydrolyzes
Listeria monocytogenes,PlcB,Sphingomyelin,hydrolyzes
Mycobacterium tuberculosis,LAM,Vps34,inhibits
Mycobacterium tuberculosis,SapM,PI3P,dephosphorylates
Mycobacterium tuberculosis,MptpA,V-ATPase,blocks
Mycobacterium tuberculosis,MptpB,"PI(3,5)P2",hydrolyzes
Mycobacterium tuberculosis,Eis,Host signaling,acetylates
Mycobacterium tuberculosis,PknG,Host signaling,phosphorylates
Legionella pneumophila,DrrA/SidM,Rab1,GEF
Legionella pneumophila,AnkX,Rab1,phosphocholinates
Legionella pneumophila,AnkX,Rab35,phosphocholinates
Legionella pneumophila,Lem3,Rab1,dephosphocholinates
Legionella pneumophila,SidD,Rab1,deAMPylates
Legionella pneumophila,LidA,Rab1,binds/stabilizes
Legionella pneumophila,SidC,ER membrane,recruits
Legionella pneumophila,VipD,Host membranes,phospholipase
Shigella flexneri,IpaB,Host membranes,pore-forming
Shigella flexneri,IpaC,Actin,nucleates
Shigella flexneri,IcsA/VirG,N-WASP,recruits
Shigella flexneri,IcsB,LC3,masks
Shigella flexneri,VirA,Rab1,GAP
Shigella flexneri,OspG,Host signaling,inhibits
Brucella abortus,VirB,ER membrane,modulates
Brucella abortus,BtpA,TLR2,inhibits
Brucella abortus,BtpB,Host signaling,inhibits
Brucella abortus,VceA,Golgi,modulates
Brucella abortus,VceC,ER membrane,activates
Francisella tularensis,IglC,Host membranes,disrupts
Francisella tularensis,IglD,Host membranes,disrupts
Coxiella burnetii,Cig57,Host membranes,recruits
Coxiella burnetii,Cig2,Rab1,binds
Coxiella burnetii,CvpB,PI3P,binds
Yersinia pestis,YopE,RhoA,GAP
Yersinia pestis,YopE,Rac1,GAP
Yersinia pestis,YopE,Cdc42,GAP
Yersinia pestis,YopH,FAK,dephosphorylates
Yersinia pestis,YopH,p130Cas,dephosphorylates
Yersinia pestis,YopJ,MAPKK,acetylates
Yersinia pestis,YopJ,IKK,acetylates
Yersinia pseudotuberculosis,YopE,RhoA,GAP
Yersinia pseudotuberculosis,YopE,Rac1,GAP
Yersinia pseudotuberculosis,YopH,FAK,dephosphorylates
Yersinia pseudotuberculosis,YopJ,MAPKK,acetylates
Yersinia pseudotuberculosis,YpkA/YopO,Actin,binds
Chlamydia trachomatis,IncA,LAMP1,blocks fusion
Chlamydia trachomatis,IncB,Rab4,recruits
Chlamydia trachomatis,IncC,Golgi,recruits
Chlamydia trachomatis,CT229,Host signaling,modifies
Staphylococcus aureus,Hla,ADAM10,binds
Staphylococcus aureus,PVL,C5aR,binds
Staphylococcus aureus,SpA,MHC II,binds
Staphylococcus aureus,Efb,Fibrinogen,binds
Streptococcus pyogenes,SLO,Cholesterol,pore-forming
Streptococcus pyogenes,M protein,Factor H,binds
Streptococcus pyogenes,M protein,C4BP,binds
Streptococcus pyogenes,SpeA,MHC II,superantigen
Streptococcus pneumoniae,PLY,Cholesterol,pore-forming
Streptococcus pneumoniae,PspA,Lactoferrin,binds
Streptococcus pneumoniae,PspC,Factor H,binds
Bacillus anthracis,ALO,Cholesterol,pore-forming
Bacillus anthracis,LF,MAPKK,cleaves
Bacillus anthracis,EF,CaM,binds
Bacillus anthracis,PA,Host cells,binds
Clostridium perfringens,PFO,Cholesterol,pore-forming
Clostridium difficile,TcdA,RhoA,glucosylates
Clostridium difficile,TcdB,RhoA,glucosylates
Clostridium difficile,Cdt,Actin,ADP-ribosylates
Pseudomonas aeruginosa,ExoU,Host membranes,phospholipase
Pseudomonas aeruginosa,ExoS,RhoA,GAP
Pseudomonas aeruginosa,ExoS,Ras,ADP-ribosylates
Pseudomonas aeruginosa,ExoT,Cdc42,GAP
Pseudomonas aeruginosa,ExoT,Rac1,GAP
Pseudomonas aeruginosa,ToxA,EF-2,ADP-ribosylates
Bordetella pertussis,PTx,Host signaling,ADP-ribosylates
Bordetella pertussis,CyaA,CaM,activates
Vibrio cholerae,CTX,Host signaling,ADP-ribosylates
Helicobacter pylori,CagA,SHP-2,activates
Helicobacter pylori,VacA,Mitochondria,targets
Helicobacter pylori,HtrA,E-cadherin,cleaves
Rickettsia rickettsii,RickA,Arp2/3,activates
Rickettsia rickettsii,Sca2,Actin,nucleates
Rickettsia rickettsii,TlyA,Host membranes,pore-forming
Burkholderia pseudomallei,BopA,Host membranes,disrupts
Burkholderia pseudomallei,BopE,Cdc42,GEF
Burkholderia pseudomallei,BopE,Rac1,GEF
Burkholderia pseudomallei,BimA,Actin,nucleates
Anaplasma phagocytophilum,Ats-1,Rab5,binds
Anaplasma phagocytophilum,Ats-1,PI3P,binds
Bartonella henselae,BepA,Actin,remodels
Mycobacterium leprae,LAM,Vps34,inhibits
Porphyromonas gingivalis,FimA,TLR2,binds
Chlamydia pneumoniae,IncA,LAMP1,blocks fusion
Chlamydia pneumoniae,CPn0585,Rab4,GEF
Chlamydia pneumoniae,CPn0809,Golgi,modulates
Ehrlichia chaffeensis,TRP120,Notch,activates
Ehrlichia chaffeensis,TRP32,Wnt,activates
Ehrlichia chaffeensis,Ank200,Host DNA,modulates
Rickettsia conorii,RickA,Arp2/3,activates
Rickettsia conorii,Sca2,Actin,nucleates
Rickettsia conorii,Pat1,Host membranes,phospholipase
Salmonella typhi,SopE,Cdc42,GEF
Salmonella typhi,SifA,SKIP,binds
Salmonella typhi,SseF,Microtubules,recruits
Escherichia coli K1,IbeA,Vimentin,binds
Escherichia coli K1,OmpA,GPI anchor,binds
Escherichia coli K1,CNF1,RhoA,deamidase
Neisseria gonorrhoeae,PorB,Mitochondria,anti-apoptotic
Neisseria gonorrhoeae,Opa,CEACAM,binds
Neisseria meningitidis,PorB,Mitochondria,anti-apoptotic
Neisseria meningitidis,Opca,CEACAM,binds
Haemophilus influenzae,Hap,Extracellular matrix,protease
Haemophilus influenzae,P5,ICAM-1,binds
Campylobacter jejuni,Cdt,Host DNA,DNase
Campylobacter jejuni,FlaA,TLR5,activates
Orientia tsutsugamushi,HlyA,Host membranes,pore-forming
Orientia tsutsugamushi,Pld,Host membranes,phospholipase
Bacillus cereus,Hbl,Host membranes,pore-forming
Bacillus cereus,PC-PLC,Host membranes,phospholipase
Enterococcus faecalis,Cyl,Host membranes,pore-forming
Enterococcus faecalis,Ace,Collagen,binds
Corynebacterium diphtheriae,DT,EF-2,ADP-ribosylates
Nocardia asteroides,PLA,Host membranes,phospholipase
Nocardia asteroides,Sod,ROS,scavenges
Rhodococcus equi,VapA,Host membranes,modulates
Tropheryma whipplei,TW1,Host cells,binds
Mycobacterium bovis,LAM,Vps34,inhibits
Mycobacterium bovis,ESAT-6,Host membranes,pore-forming
Mycobacterium avium,LAM,Vps34,inhibits
Mycobacterium marinum,LAM,Vps34,inhibits
Mycobacterium marinum,ESAT-6,Host membranes,pore-forming
Streptomyces scabies,Nec1,Host cells,necrosis
Klebsiella pneumoniae,CPS,Host immune,antiphagocytic
Klebsiella pneumoniae,LPS,TLR4,activates
Acinetobacter baumannii,OmpA,Mitochondria,targets
Acinetobacter baumannii,Plc,Host membranes,phospholipase
Burkholderia cenocepacia,AidA,Host membranes,modulates
Bacteroides fragilis,BFT,E-cadherin,cleaves
Treponema pallidum,Tp0751,Extracellular matrix,protease
Borrelia burgdorferi,OspA,TLR2,activates
Borrelia burgdorferi,DbpA,Extracellular matrix,binds
Leptospira interrogans,LenA,Factor H,binds
Leptospira interrogans,Loa22,Collagen,binds
